Place,Title,Name,Type,Latitude,Longitude,Code,Enclosed_by,Date
[P0001],,"Willow Creek, North",Town,52.1,5.1,,,
[P0002],,Moonharbor,Village,,,,,

Person,Surname,Given,Call,Suffix,Prefix,Title,Gender,Birth date,Birth place,Birth source,Baptism date,Baptism place,Baptism source,Death date,Death place,Death source,Burial date,Burial place,Burial source,Note
[I0001],Linden,Juniper,,,,,F,1980-03-14,[P0001],Registry,1980-04-01,[P0001],Parish,,,,,,,"A fictional person,
created for tests."
[I0002],Linden,Mara,,,van,,F,1958,[P0002],,,,,,,,,,,
[I0003],Linden,Tobin,,,,,M,1960-08-08,,Archive,,,,,,,,,,Sibling
[I0004],Vale,Orin,,,,,M,1945,[P0001],,,,,2019-01-02,[P0002],,,,,
[I0005],Vale,Elara,,,,,F,1948-09-02,[P0002],,,,,,,,,,,
[I0006],Moss,Rowan,,,,,M,1920,[P0001],,,,,,,,,,,
[I0007],Moss,Iris,,,,,F,1922,[P0001],,,,,,,,,,,
[I0008],,,,,Sagefield,,F,,,,,,,,,,,,,

Marriage,Husband,Wife,Date,Place,Source,Note
[F0001],[I0004],,,,Archive,One known parent
[F0002],[I0006],[I0007],1944,[P0001],Registry,
[F0003],,[I0008],,,,
[F0004],[I0006],[I0008],1946,[P0002],,

Family,Child
[F0001],[I0002]
[F0001],[I0003]
[F0002],[I0004]
[F0003],[I0005]
[F0004],[I0001]

